,rating,title,description
0,5.0,Worth for your moneyğŸ’° Go for it,"  It's good, but it's not pocket dictionary, I mean it don't fit in your pocket, but it's also too handy to use... Go for it if you are looking for handy dictionary to use.."
1,4.0,"Best on content & quality, but big on size",  Oxford dictionaries have been the best and they would be. All contents are appropriately explained. But the size on name of pocket is bit large. Maybe you can get a custom pocket sewn in your clothes for the dictionary. ..
2,4.0,Not a small one,  No issues content wise. However I bought it taking the heading on its literal value. It is cwrtainly not fit for the pocket - shirt or trouser or coat. Certainly big enough and weighs much. Now have to buy another one that can be carried to the school without breaking the back!
3,5.0,"When it comes to dictionaries, I trust none other then Oxford","  Type: HardcoverLanguage: English-EnglishOverall: Best that you can get in the price rangeVerdict: Go for it.This is the eleventh edition of Pocket English Dictionary by Oxford. It's a Hardcover Edition. The packaging was great, every measure was followed in order to abide by the pandemic. This contains an awesome and important compilation of every day-to-day words and much of the words that you might have found out in a foreign literature book. For me, who reads a lot of literature and comes across 11-12 new words a day, this is a go-to whenever I want to make some sense. It also contains some tips and some queries that people who are unaware of the regular usage of a foreign language ask. Like ""the noun descendant ends with -ant, not -ent. "", it's applications are much more. For me I'll definitely recommended someone this dictionary."
4,3.0,Not a pocket dictionary,  Remove the word Pocket from the title. Its highly misleading. I wonder which pocket they are referring to.But dictionary is super.
5,4.0,Xcllnt product n no reviews reqd when it comes to ...,  Xcllnt product n no reviews reqd when it comes to Oxford books. I already have an Oxford dictionary but it ws too large n heavy for my 6 yr old son to use by himself. This pocket size ws ideal to use n he uses it everyday by himself.
6,1.0,page quality is similar to photocopy papers,  Though the jacket looks great but itâ€™s not an original product. I guess They are faking the name of Oxford publisher .... page quality is similar to photocopy papers. I think I will return the product and buy from a bookstore.
7,4.0,Quality Brand,  Kids enjoy looking for the english meanings...easy to Locate the Spelling and word which you were searching for.
8,5.0,A handy good dictionary,"  Oxford dictionaries are good. This is a good one. It is named pocket, but matches any dictionary. If you want a handy book size but dictionary this is this is the best"
9,3.0,Can't be carried in a pocket.,"  Though dictionary is a good one and quite informative, it is quite thick and large to be carried in a pocket. It is not a 'pocket' dictionary."
10,5.0,NotHing comforts you in the chanGing uncertain times like a good old oxford dictionary,"  Makes me nostalgic while gladdening my heart. NotHing comforts you in the chanGing uncertain times like a good old oxford dictionary. I wish I could buy , thumb through and treasure all of its different variants and editions. Maybe some day."
11,4.0,Not Pocket Size,  Pocket Size isnâ€™t the name I will give it as it wonâ€™t fit in Pocket or Purse.
12,5.0,price-worthy,"  though it's not a pocket dictionary,  but worth purchasing...  my daughter happily carring it to her school..."
13,3.0,Not good enough,"  One of d best purchase in Amazon ,, but still the pages r not good Bec of news paper quality paper"
14,5.0,Ideal Dictionary,  It's one of the best dictionary in the market for students and for someone to improve vocabulary.
15,5.0,Very good,"  Very good dictionary, good print. No complaints. Reached on time... good delivery."
16,5.0,Best among all compact dictionaries,"  Absolutely brilliant, a compact but comprehensive and reliable dictionary. Hard bound cover , and clear white pages of good quality make this a treasure to own for life. However, buying Concise Oxford Dictionary (South Asia Edition)- be a wiser decision as it is the final authority on English and ensures u will never miss a word in your lifetime"
17,5.0,Helpful Dictionary,  This is a great purchase for those who wants to expend their English vocabulary wordsâ¤
18,5.0,Like it,  This is not pocket dictionary as it is claimed.But a good one with this price
19,3.0,Worst,  Price was originally 325 but mentioned 375 really fooling customer
20,5.0,Pocket Oxford Dictionary,  A wonderful companion in English Lexicon for students and day to day use.
21,5.0,Good,  Received in good condition. Very useful. Value for money
22,3.0,Not a pocket dictionary,  It is definitely not a pocket version. Quality is ok
23,5.0,Please buy it,  Very nice and useful for us
24,3.0,Ok,  I was expecting a little smaller size. This item i already had. My purpose to bought this was not fulfilled.
25,5.0,Value for money,  Good product value for money
26,4.0,Good Dictionary,  My Girl liked the Dictionary
27,5.0,Five Stars,  Perfect for school or college kids. Must have for every home. Font is comfortable to read.
28,3.0,Almost cheated,  I bought it for second hand so nothing to say
29,5.0,Very useful Book and is very handy,  Yes it is just the Book I needed
30,5.0,You can buy this.,"  Paper quality is good, what else I need. More than 1.2 lakh words in the dictionary. For this price it is worth it."
31,2.0,Pocket Dictionary ? Not at all!,  It is nowhere close to a pocket dictionary. Very heavy and big. Not sure why they call it as pocket dictionary. Returned the product and bought a mini dictionary.
32,5.0,A must dictionary for all,  Have it. It is an Oxford.It is just appropriate for daily use... The pocket name is 'great'. It denotes that the dictionary is just Handy...
33,4.0,understanding english,  good item loved it not so heavy too.
34,5.0,Good,  As expeected
35,1.0,Misleading dimension & name,  Misleading dimension ..1x1x1 cm .. I went by its name which is also misleading (pocket) and purchased it..!!!
36,4.0,good but not the one I'm looking for,  The book and the delivery everything is perfect but I'm looking for a pocket dictionary and  the book i got  is big. And it cant be carried as a pocket dictionary.. Anyway I'm happy with book and its Price. If you don't have a good dictionary go for it.
37,5.0,Oxford,  Nice printing and easy to find words at one place.
38,5.0,Good but size is not pocket size,  Good dictionary. Put size is definitely not for pocket. The name is confusing.
39,5.0,Good,  Good one and good delivery
40,5.0,Wonderful product!!,"  I love this product!!!! First of all, it isn't a pocket dictionary(not too small) and secondly the book's price is also less... Affordable!! ğŸ‘ğŸ‘"
41,5.0,Exclent,  Words are clear
42,5.0,Five Stars,  Good
43,5.0,Good,  Worth the money
44,5.0,Very good,  Very good
45,5.0,Five Stars,  very good and informative
46,4.0,Good One.,  Good one. Helpful to find new words. But not very updates version.
47,4.0,Good,  Great for children
48,5.0,Good to have,  Very nice on the said price
49,5.0,Five Stars,"  Perfect...Good packGing, good delivery n good quality papers also"
50,5.0,Indeed a must not only for students but for all,  Indeed a must not only for students but for all
51,5.0,Great!!!,  Super deal
52,4.0,Awesome,"  Really good for those who want to build good vocabulary , if u don't want to use mobile dictionary then go for it."
53,5.0,Very useful,  Good choice
54,5.0,Must have book.,  I may never read this book. But every house should have one even in this internet era.
55,1.0,Not a pocket dictionary as mentioned,  Itâ€™s not a pocket dictionary as mentioned. I was looking for pocket dictionary for my son to take it to school; but itâ€™s size and weight is large.
56,5.0,"Best dictionary, however does not fit the pocket. Its a fat book","  Its the best dictionary, however does not fit in pocket. Its a decently fat book."
57,3.0,Ok,  Ok
58,5.0,Five Stars,  Good...
59,5.0,Worth of money,  Very useful for my boy
60,4.0,Good,  Good
61,5.0,Five Stars,  Good product.
62,5.0,Oxford dictionary,  Good dictionary I can't say too much because everyone know what is the use of dictionary so go for it
63,5.0,Classic but not really a Pocket Dictionary.,  Good Classic Dictionary.Even in today's Internet era it's great to have it.Only wish it was really pocketable.
64,4.0,Very good option for adult students,  Very good for adults. I bought for my kids but it is too early to use it. It is heavy in weight and little bulky.
65,5.0,Good,  Good for the price...
66,5.0,Useful,  Good
67,5.0,Good,  Good
68,5.0,Good information,  Its not pocket size
69,5.0,Reliable...,"  Good one I had from amazon..Good reference, most of the useful words were given.."
70,5.0,Book,  Ok
71,5.0,Five Stars,  This book is very useful for students.Delivery is also very good.Seller is very trustable.
72,5.0,Super,  Goid
73,5.0,I am very happy with the Dictionary,  I am very happy with the Dictionary.Amazon service is great too. I find most of the words. It is small & light weight. My daughter loves it.
74,4.0,Good,"  Good , but small print"
75,4.0,Bulky and big dictionary.,  The dictionary is not pocket size but bulky.
76,5.0,It is not pocket dictionary,  Worth of money fast delivery we book on. 12 it's came on 13 morning
77,4.0,Very useful and good price,  Very useful and good price
78,4.0,Nice,  Nice
79,5.0,Worth money,  The dictionary is worth money. Simplified language makes understanding easy. Though it is not a pocket dictionary but I am happy with the contents.
80,5.0,Value for money,  Simply best
81,5.0,Five Stars,  Allways the best.
82,5.0,Fantastic,  Very nice and good
83,4.0,Four Stars,  Good product...
84,5.0,Five Stars,  Great
85,1.0,Instead of Dictionary I got Marathi novel ğŸ˜‚,  Instead of Dictionary I got Marathi novel ğŸ˜‚
86,5.0,Its a great dictionary for such a small value,  Its a great dictionary for such a small value.. Really good paper quality with hard bound cover..The main thing to appreciate is price..
87,4.0,good,  good
88,4.0,Good,  Product is good and worthy
89,5.0,Best product,  As usual the best
90,5.0,Five Stars,  Good
91,4.0,Good,  Good dicsanoray
92,5.0,Pocket Oxford English dictionary,  I like the product.but it can't fit in our pocket but you can buy this item
93,5.0,Five Stars,  good
94,3.0,But there are only limited pronunciation.,"  It is good dictionary, but there are only limited pronunciation. Not all pronunciation."
95,5.0,great for school kids,"  True Pocket dictionary, small sleek and handy , great for school kids."
96,4.0,Nice !,  Very good
97,5.0,Good,  Very useful
98,5.0,Liked it,  Good one.also  Not so heavy. U Can carry it.
99,2.0,Two Stars,  too big
100,5.0,Collection of words and Paper quality,  Excellent
101,3.0,Three Stars,  nicd
102,5.0,Informative,  Informative
103,5.0,Best product,"  Just if you want a normal dictionary for regular use, this one is the best."
104,5.0,Excellent,  Exactly what I expected
105,5.0,Nice one,  Very nice but but it's not pocket dictionary. Its bigger one
106,5.0,Five Stars,  Definitely not pocket size
107,5.0,Super quality,  The quality is very super.  You can believe on this product blundly. I am totally happy with it.
108,4.0,Four Stars,  a good dictionary to have.
109,5.0,Good one,  Good one
110,4.0,good,  good
111,4.0,Ok,  Ok
112,5.0,Good,  Quality is good..received as shown
113,5.0,Excellent,  Good Product. Nice Delivery. Good Price. Necessary for Kids.
114,5.0,Excellent,  Very nice dictionary. Very Good for everyone
115,4.0,Good but not Great,  Not pocket sized
116,5.0,Opinion,  Good
117,5.0,Good product,  Good product
118,4.0,Good quality,  Good quality & useful for school kids
119,5.0,Five Stars,  Just name is pocket dictionary.....actually it is medium size dictionary
120,4.0,Four Stars,  Satisfied
121,4.0,Four Stars,  Very good
122,5.0,So nice product,  So nice product because these is amazon product
123,4.0,Ok,  Ok
124,5.0,Highly recommended for school children!,  An excellent book for school going kids.
125,5.0,A great product!,  A very helpful dictionary containing almost all words you require in a daily basis! Worth a buy!!!
126,1.0,Very small letters,  Very small wording not good for eyes
127,5.0,good,  good at this price
128,5.0,Five Stars,  Excellent
129,5.0,Useful,  Useful
130,5.0,Good,  Good
131,5.0,good,  good.. packing well done
132,2.0,Nice,  Good
133,5.0,Best price,  Money saving
134,4.0,It's okay..but need to improve,  Nice
135,5.0,Five Stars,  I loved everything about it
136,5.0,Go for it,  Perfect dictionary
137,5.0,Five Stars,  good
138,4.0,Good,"  Good,but this not a pocket dictionary"
139,5.0,Good product,  Good dictionary
140,3.0,Three Stars,  ok
141,5.0,Good dictionary,  Good dictionary...my son loves it and its very useful for him.Value for money
142,5.0,Quality,  Good
143,5.0,Nice,  Very good product
144,2.0,"Can be better, if it is in simple English","  It has complexed words, children's not able to understand.Can be better, if it is in simple English...."
145,5.0,Very good,  I learn new words
146,4.0,Nice,  I does the job not best quality
147,4.0,Four Stars,  Useful for everybody.
148,4.0,Worth every penny,  Good buy.
149,4.0,Good,  Good
150,5.0,Good,  Nice
151,5.0,Five Stars,  Helpful!!!!
152,5.0,Five Stars,  good
153,5.0,Good Product n Good Price,  Good peoduct
154,5.0,Cannot fit the pocket,  Only downside is that it cannot fit in the pocket.
155,3.0,Paper quality,  Page quality is not good
156,5.0,Wow,  Super dictionary
157,5.0,Five Stars,  This is OK up to 10 the class students
158,5.0,Good,  Good
159,5.0,Nice,  Superb
160,5.0,Very useful,  Good
161,5.0,Worthy,  Good
162,5.0,Five Stars,  Good
163,5.0,Nice,  Nice
164,1.0,I have purchased dictionary and got this book delivered,  I have purchased dictionary and got this book delivered..!!!!
165,5.0,Strongly recommended..,  Very good dictionary at this point of price.. Grab it if required..
166,4.0,Four Stars,  Ok
167,4.0,Good,  Good for kids.
168,4.0,All most I satisfaction,  Very good
169,5.0,Excellent,  Excellent...
170,5.0,Very good product,  Good
171,2.0,Not  a pocket Dictionary,"  This is not a pocket dictionary, its big and bulky"
172,1.0,V big,  V bad
173,5.0,Five Stars,  Good and perfect for high school students
174,5.0,great product with awesome service,"  met my expectations in quality wise. its not pocketbook but its small. as usual awesome service by AMAZON, Delivered on committed date. u will find almost every word which you are using in day to day life."
175,5.0,Excellent product but not a pocket size dictionary,  Good product
176,5.0,Amazed by Amazon.....!!!!,  Unbelievable Product at Unbelievable Price.....!!!! Thanks Amazon...
177,2.0,Two Stars,  Terrible packing! New book with dog ears!
178,5.0,Five Stars,  Worth buying
179,5.0,Five Stars,  Of good use! Would recommend it.
180,5.0,Na,  Na
181,5.0,Awesome,  Quite impressive...
182,5.0,Got the dictionary for a 4th grader. I would ...,"  Got the dictionary for a 4th grader. I would not call it a ""Pocket"" dictionary, but it can definitely fit a back pack."
183,1.0,not good,  many words and meanings are missing
184,5.0,Useful,  Good
185,4.0,Four Stars,  While its good its a little too big in size to be termed as a pocket dictionary
186,5.0,Five Stars,  Good
187,5.0,But amazon took 10 days to deliver my product. That was a havoc.,  Excellent product.
188,5.0,Very nice,  I Love it
189,5.0,Gud,  Gud
190,5.0,Five Stars,  5 Stars
191,5.0,Impressive,  Best pocket dictionary
192,4.0,Four Stars,  nice product
193,3.0,Three Stars,  Adequate
194,4.0,dictionary,  Very useful product for meaning
195,5.0,Good,  God
196,5.0,Excellent,  Excellent.
197,4.0,good books,  goood books
198,5.0,Nice one,  Sufficient
199,5.0,The dictionary is perfect ..Delivered in time and good condition too,  Good product.
200,3.0,Three Stars,  actually it not a pocket dictionary.should be more compact.
201,4.0,Good,  Good
202,4.0,Four Stars,  Very long size. Overall Good
203,5.0,Five Stars,  Great product.
204,5.0,Five Stars,  Excellent
205,4.0,Four Stars,  good
206,4.0,"superb, simple,","  superb , simple,lit big"
207,5.0,Five Stars,  product and delivery on dot
208,5.0,its very good and use full,  its very  good and use full
209,4.0,Four Stars,  meanings are in english not in hindi
210,3.0,Content wise good. But not exactly a dictionary a child can ...,  Content wise good. But not exactly a dictionary a child can carry to school daily as mandated by school!
211,5.0,From vardaan suri,  Very. Good dictionary thanks amazon
212,4.0,Four Stars,  Good for learners
213,5.0,Five Stars,  On time and good condition.. would ecommend
214,5.0,Five Stars,  very helpful
215,5.0,Five Stars,  Very Good without saying as this is universally required
216,4.0,Four Stars,  Good One
217,5.0,Five Stars,  Worth it
218,5.0,Five Stars,  Nice
219,5.0,Five Stars,  It's so nice
220,4.0,Four Stars,  It is very useful but it is not a pocket thing.
221,5.0,Grt buy... nodoubt dis book fulfils my ...,  Grt buy...nodoubt dis book fulfils my requirement.
222,4.0,Four Stars,  good product
223,5.0,Five Stars,  awesome dictionary
224,4.0,good,  Nice. It gives all the important words used in daily life
225,4.0,Four Stars,"  Good book, needs no introduction or recommendation"
226,4.0,Four Stars,  Inexpensive buy for just Rs. 189/- (inc. freight).
227,5.0,Five Stars,"  Very good, concise"
228,4.0,Four Stars,  every kid should carry it like a mobile.
229,5.0,rating,  I like the most world best dictionary ever so give it ***** for that
230,5.0,Five Stars,  Good one
231,5.0,Five Stars,  very good
232,3.0,Three Stars,  Good
233,5.0,very good,  Both the above items ordered by me and delivered by you are very useful.
234,5.0,Five Stars,  Nice
235,4.0,Four Stars,  Very good home use dictionary.
236,2.0,Two Stars,  It does not have all the words
237,3.0,Good & reasonable for my budget,  good piece
238,5.0,Five Stars,  excellent
239,4.0,Thank you Amazon...,  Good one!
240,3.0,size was an issue,  It was given that it is pocket dictionary.  But I don't whose pocket it will fit into
241,3.0,Pocket Oxford English South Asia Edition,"  The Delivery was on time by Amazon as usual.But the Quality of Printing & Paper is Just Average. The Dictionary is Bigger than Pocket Dictionary.A Pocket Dictionary is the one which fits into your pocket or Can come in your Hands Easily. It is bigger than that. The dictionary is Bigger than Pocket size and smaller than the Normal Size Dictionary.It is 18.5 centimetres(cm) in Height, 12.5 cm Length and 5 cm width(à¤®à¥‹à¤Ÿà¤¾à¤ˆ). It is a Eleventh Reprint Edition in 2014, means Eleventh edition was released in 2013 and its a reprint of 11th edition in 2014.The Outer cover is Hard .Looks wise and quality wise the cover is good and sturdy. If the same quality would have been maintained in the pages and printing as well, then it would have been a very good dictionary.Printing is also not very good. overall Good dictionary (à¤•à¤¾à¤® à¤šà¤²à¤¾à¤¨à¥‡ à¤•à¥‡ à¤²à¤¿à¤¯à¥‡). I can't verify the quality of contents, b'z I didnt get more time to look for words. Today especially in India every publisher is more concerned about price (trying to give less price), but on quality no one bothers. If they give quality on paper and printing ,then the overall cost also increased. This will ultimately result in lesser margin for Publishers."
242,4.0,A Handy Dictionary,"  I received the dictionary, a new book in mint condition, on third day after ordering. The dictionary (hard bound) is quite handy (size) but bit heavy for a pocket dictionary or a 9-10 yr old kid to take to school on a regular basis (given that bags r already heavy with book/notebook).  The word list is longer than many pocket dictionary, good paper quality, and origin of word is also given. Every now and then u find boxed item for a word which are tricky or have multiple meaning or usage of the word."
243,1.0,I feel bad on that situation,"  Delivery boy has rude behaviour. He has not follow delivery rules. He made a phone call from a distance place from my home and said to me that  he was vist my home 2 times, and our front gate in inside locking position and collected that item on that far place .But I refused to go that place as I was already be in my home with my family members, as Miladinabi holiday,after a ten miniuits later he came to my house front gate and delivered that item with  unpolietly behaviour with shouting at me. I feel bad on that situation .Don't repeat this type of accidental situations in further."
244,5.0,Appearance is good,"  Have not yet gone through the Dictionary because I received a defective one so I returned but by having a look over it, it seems to be a good product. Also consider other user ratings, especially one in which a user by quoting a word from the Bible has described how Oxford has not clarified various old English terms."
245,5.0,As usual excellent quality product,"  This dictionary is superb for its functionality and usage as is meant to be carried by my nine year old for daily usage at school. As usual excellent quality product.Mono color printing rather than smudged blue color printing some dictionaries have. This product is very good. However It does not include synonyms, antonyms and usage. This dictionary is only about spelling, pronunciation and immediate meaning. I have another six bulky dictionaries for further understanding of the word of interest."
246,1.0,Misleading name,  The product was unsuitable as it was not at all pocket sized or portable. It is heavy and bulky and not useful for carrying to to school by kids.
247,4.0,Good one,  The cover is very good and the explanation are just one liner
248,1.0,Misleading Product,  Which pocket does it fit? Don't think anyone will have a pocket to hold a dictionary of this size. Misleading product.
249,5.0,Five Stars,  nice...great delivery!!
250,5.0,Excellent dictionary,"  I loved the dictionary , Excellent condition , super dictionary .You  can buy this there is nothing bad in it.ğŸ˜˜ğŸ˜ğŸ˜‡â˜ºğŸ˜ŠğŸ˜˜ğŸ˜ğŸ˜Šâ˜ºğŸ˜‡"
251,5.0,Really Awesome Dictionary.......,"  Really Awesome Dictionary.  Good quality paper and print. Binding and packing also very nice.But, it's not a pocket Dictionary a bit heavy.Thanks to Amazon ."
252,5.0,It is very useful for new words checking,  It is update version. It is very useful for new words checking.
253,5.0,Five Stars,  Good
254,5.0,Five Stars,  Good product n faster delivery
255,1.0,One Star,  Worst dictionary ever.....kindly don't buy it.Doesn't consist some of the most common words.
256,1.0,One Star,  It was not the size of a pocket dictionary
257,5.0,"Not a ""Pocket"" Dictionary","  This is not a review, but I found many users wanting a literal pocket dictionary. I would suggest you instead buy Oxford Mini Dictionary. It is much smaller and almost as reliable as this one."
258,4.0,Contains every word we wanna know,"  I've purchased this product to minimize the use of my smartphone by using google baba. So, worth buying....don't think order it because its for lifetime even your grandchildren could use it"
259,5.0,Ok,  Very good product
260,5.0,Brilliant,  Helpful
261,4.0,But all n all a good deal.,  The book is worth the price !Apart from the size... its not a pocket sized dictionary for sure.But all n all a good deal...
262,1.0,One Star,  It's not a pocket dictionary
263,1.0,One Star,  Wrong dimensions. It's not a pocket dictionary.
264,5.0,value for ğŸ’° money and best product you must order once,  value for ğŸ’° money and best product you must order once
265,5.0,its gud,  kid uses it without trouble and its handy
266,5.0,Quick delivery and pricing,  Pricing and the book I wanted
267,5.0,Received as displayed,  Good product
268,5.0,Nice product,  Nice product
269,5.0,Handy.,  Good. Handy.
270,5.0,Good,  Super
271,5.0,I say it's splendid old chap!!,  It's what it is!
272,1.0,ğŸ˜,  Not useful for me because it is not in hindi
273,5.0,Pocket Dictionary.,"  I ordered this for my 8 year grand daughter who is just starting to want to look up words that she doesn't know the meaning of. However I was very disappointed that what is called a ''pocket'' dictionary is actually full size! I wanted her to be able to carry it around with her in her school bag etc and now she leaves it on her bedroom table and it doesn't get used as much as I hoped. To me, a pocket dictionary is just that - something you can carry around in your pocket! Having said all that, the delivery was very fast and arrived when promised and it arrived in very good condition."
274,1.0,It'll only fit in your pocket if you're the BFG!,  Asked to get my son a pocket dictionary for his new secondary school. This arrived! It's not going to fit in any pocket and hardly fits in his school bag. It's heavy for him to lump about all day and if I could be bothered I'd send it back.Don't waste your money if you're wanting something small and portable.Mis-sold!
275,5.0,Only I thought pocket meant just that - so don't confuse it with the mini dictionary which I bought as well as I really wanted one to fit in my handbag and this one is brick size but a great dictionary (for at home),  Terrifiic. Only I thought pocket meant just that - so don't confuse it with the mini dictionary which I bought as well as I really wanted one to fit in my handbag and this one is brick size but a great dictionary (for at home).
276,5.0,Good,  Really good. Exactly as described although I wouldnâ€™t call it a POCKET dictionary as itâ€™s a little big for that but still great quality all the same.
277,5.0,OED is my choice of English dictionary,"  I bought this to sit beside my computer, editions change as the English language changes and it is interesting to compare the different editions but, as stated the OED is my choice of English dictionary."
278,3.0,I'm sure as a dictionary its great but not pocket,"  Not really a pocket dictionary, it's huge! Present for my mum to use for crosswords but to big for what she wanted. I'm sure as a dictionary its great but not pocket."
279,5.0,Excellent,  My best dictionary ever.  Not too small and not too large.
280,5.0,Everybody needs a dictionary like this,  I have just replaced my 20 year old Pocket Collins with this one. The font and layout are pleasing and a change anyway !At a 1000+ pages 'pocket' is stretching it a bit. Well bound and should last 10 years at least.
281,3.0,Hardly pocket sized,"  It's over two inches thick, so hardly pocket sized. Good book apart from that though, but they should rename it!"
282,4.0,Excellent dictionary,  Good quality book... A little bigger and therefore heavier then I expected... But perfect for school work.
283,4.0,"quality good, compact and easy to read","  Ordered this for my daughter who wanted to use it for her IGCSE's as well as beyond.  Delivery was very prompt, quality good, compact and easy to read.  She is very happy with this and will take it when she leaves for her A levels!!"
284,3.0,Three Stars,"  Easier to handle than the larger , but obviously much moe informative,  family dictionaary."
285,5.0,It was descrived as Pocket Size,  Whoever said it was pocket size must have Very Large Pockets indeedHowever for doing the job intended for it is excellent.
286,5.0,Perfect.,  It's small enough to fit in a school bag.
287,5.0,but still a good,"  Not exactly a pocket one , but still a good dictionary"
288,5.0,pocket dictionary,"  great book arrived on time but, is not pocket size and is too big for my son to carry to school."
289,5.0,Size is good,  Its size is perfect for my 11 year old son to use it on bed!
290,5.0,Five Stars,  would recommend
291,5.0,It's a dictionary,  It's what I wanted
292,5.0,very good,  usefull
293,5.0,It's a Dictionary,"  Hmm, how best to review this book?  What's the word I'm looking for?  If only there was a...."
294,5.0,Good quality and correct price,  As expected
295,3.0,Too heavy,"  Too Heavy for a â€˜pocketâ€™ dictionary. Already have the childrenâ€™s version - bought it as it was on the school item list, but son definitely prefers the latter."
296,5.0,Five Stars,  twas for a school boy
297,5.0,Good product,  Good product
298,4.0,A good read,  Helps my wife reading Boris Johnson!
299,5.0,Fit for the Modern use,"  I have been finding words being used incorrectly but cannot should not criticize with checking if modern use has changed this dictionary helps but also reaffirms my own belief.Being a ""pocket"" it is very handy to keep near to hand."
300,1.0,Waste of money,"  Very small print, not good for kids."
301,5.0,Five Stars,  great
302,1.0,One Star,  I HAD TO RETURN IT AS THE PRINT WAS SO SMALL I WAS UNABLE TO READ IT
303,4.0,Excellent but bulky and heavy,"  Definitive English dictionary but thick and heavy, hardly suitable for school bag let alone a pocket."
304,5.0,Very good,  It was just what I expected
305,3.0,Far too large to be considered pocket sized.,"  I think Oxford dictionary need to relabel this as it is far too large to be considered pocket size, other than that it is what it is,  a dictionary."
306,4.0,Detailed dictionary,  Fairly big in size ...great dictionary however!!Lovely colourful cover
307,5.0,Well explained,  Great dictionary
308,5.0,Five Stars,  Just the job!
309,5.0,Five Stars,  Making good use of this
310,5.0,pocket oxford dictionary,  This we bought for our 11 year old grand daughter for Christmas as one of her presents so she hasn't seen this yet. she is into reading stories big-time and experimenting with words and their meanings. Plus she starts senior school next year and it will be more than handy for her to have. We like to think she may regard this as her first 'grown up present'.
311,4.0,dictionary,  A wordy book
312,5.0,Good,  I bought this for my daughter. She liked it as it is small in size and handy to use as well.paper quality and print quality is very good.worth buying.
313,5.0,Five Stars,  Excellent study aid for the kids.
314,5.0,Excellent purchase,"  My Oxford dictionary was well out of date, so time to update. Very pleased."
315,3.0,"""Pocket""","  ""Pocket"" it weighs a ton !"
316,5.0,No one above,  As full of information as an Encyclopedia; but still a handy format and easy to find the Word you`re looking for; Oxford delivers!
317,5.0,very useful dictionary,  Very nicely presented and easy to use but definitely a very large Pocket dictionary.  Very good and I use it all the time.
318,4.0,NOT A POCKET SIZE,  The so called pocket Dictionary was alot bigger than what we wanted but it will serve its purpose so happy
319,5.0,Excellent,"  As expected, The Oxford English Dictionary is excellent. Bought for my son as this is what he uses in school"
320,4.0,Need Big Pockets,"  Does what it says on the cover with the exception of getting it in the average pocket, I personally didn't mind as it was for my granddaughter and she has a school bag."
321,5.0,Five Stars,  very useful
322,4.0,Good but not a pocket dictionary,  Its not really a pocket dictionary as others has pointed out it ownt fit in the pocket.But it has lots of modern words and just what I was looking for my daughter who is in Year 5 at school
323,4.0,Four Stars,  Nice product.
324,5.0,Five Stars,  Many thanks
325,3.0,No good for school bag so will be returning,  You will need a mighty big pocket to fit this dictionary in! No good for school bag so will be returning :(
326,5.0,Five Stars,  great product!
327,5.0,Five Stars,  Good product
328,4.0,Four Stars,  Very good buy
329,3.0,If your looking for a pocket Dictionary this is not ...,  If your looking for a pocket Dictionary this is not it they are very big and not suitable for school you need a mini pocket dictionary
330,5.0,Five Stars,  Ordered for my class- great!
331,4.0,A simple Dictionary,"  it is okay, simple dictionary, easy consultation, easy interpretation. i advice to buy it, if you wish a very pocket dictionary"
332,3.0,Hefty for a pocket,  Wanted a pocket dictionary for a school bag. This one is much Bigger and heavier than expected. But it will do.
333,5.0,Wife delighted.,  Delivered as ordered.Wife delighted.
334,1.0,satisfecha,"  era un excelente diccionario sin embargo, Ãºnicamente es ingles- espaÃ±ol y yo lo necesitaba igual espaÃ±ol-ingles :("
335,2.0,Cero cuidado al empaquetar,"  Llego de un dÃ­a para otro, el embalaje estaba bien, el producto daÃ±ado, lo que es el diccionario en sÃ­ estÃ¡ perfecto, estÃ¡ daÃ±ado la tapa blanda como se ve en la foto, no lo devuelvo por que era un pedido urgente para su uso"
336,1.0,En mal estado,"  Muy mal. Toda la cubierta del diccionario estÃ¡ rozada. Prosucto caro. Es muy grueso, lo veo poco manejable para primaria."
337,4.0,PrÃ¡ctico de tamaÃ±o,"  Esta muy bien pero no es espaÃ±ol inglÃ©s,solo ingles.muy bien el tamaÃ±o"
338,4.0,Recomendable!,"  Lo comprÃ© pensando que era un diccionario bilingÃ¼e, un error. No lo devolvÃ­ y estoy satisfecho por ello. Es un diccionario extenso, con sus ejemplos intercalados. El Ãºnico pero es que no estÃ¡n las pronunciaciones de todas las palabras, sÃ³lo las mÃ¡s problemÃ¡ticas.Perfecto para no iniciados."
339,4.0,the book size was bigger than I expected,"  the quality and price are perfect, but the size is little bit big"
340,5.0,calidadad/precio,  excelente producto
341,5.0,Bueno,"  Muy bueno, compatible con las caracterÃ­sticas descritas por el vendedor y Ãºtil para el fin que lo requiero."
342,5.0,Diccionario pocket,"  El diccionario estÃ¡ muy bien por el precio que tiene. Es pequeÃ±o y compacto. AdemÃ¡s es de tapa dura, lo que es de agradecer. LLegÃ³ en 2 dÃ­as y estÃ¡ en perfecto estado. Lo recomiendo."
343,5.0,Solid purchase,  Useful dictionary for home or school
344,3.0,thanks,  as expected. the word AGLET was not there. Disappointed.
345,5.0,Five Stars,  good product
346,2.0,It's not pocket-sized,  Nothing wrong with the dictionary but it's definitely not pocket-sized as the name suggests.
347,5.0,Very handy,  Just as I thought :)
348,5.0,Useful english dictionary.,"  I see this in the Oxford online dictionary.I don't always have internet and want to be away from any electricity equipment sometimes.Book is good in quality, and good size for my small hand bag, understandable explain of the English words."
349,5.0,Great buy,  Great buy
350,5.0,Rapide et efficace,  Comme prÃ©vu
351,5.0,Pocket Oxford English Dictionary,"  Cumple las espectativas, lo recomiendo"
352,5.0,Denpro,  Exactly what I wanted and very pleased with a very reasonable price and qualityWould recommend to all my contacts
353,5.0,Useful dictionary!!!,"  I expected a smaller dictionary but it really surprised me! Besides, it's a complete book and it's an ideal complement for my studies."
354,5.0,Five Stars,  Really good to be used for ESL students.
355,4.0,"Useful, and not too big",  Bought this as a gift for someone else.  They are very pleased with it and say that it has most of the words they want to look up.
356,5.0,Conforme Ã  la description,  Conforme Ã  la description
357,4.0,"Okay for school use, no bent corners","  Ok dictionary for school use, no bent corners"
358,5.0,The perfect compact dictionary for quick and easy handling,"  The perfect compact dictionary for  quick and easy handling.  My only criticism is that because of its unavoidable thickness,  within a fairly short period the somewhat fragile binding will loosen and cause the book to be unusable."
359,3.0,Three Stars,  I thought the word pocket meant it is small enough to fit into one. It isn't!
360,4.0,Four Stars,  ok
361,5.0,æ¡éŒ²å˜èªã¯Oxfordã«ã¯åŠã°ãªã„ãŒå¿…è¦ãªå˜èªã¯è¼‰ã£ã¦ã„ã‚‹ã€‚,  ãƒšãƒ¼ãƒ‘ãƒ¼ãƒãƒƒã‚¯ã‚ˆã‚Šã‚‚å®‰å¿ƒã—ã¦é„ã«å…¥ã‚Œã¦æŒã¡é‹ã¹ã‚‹ã€‚
362,4.0,PODã€Œç¬¬ï¼‘ï¼‘ç‰ˆã€ï¼ã‚³ãƒ¬ã¯æœãŸã—ã¦ã€é€²æ­©ã‹é€€åŒ–ã‹ï¼ï¼Ÿ,  ã€€ç§ãŒã€ã‚‚ã£ã¨ã‚‚ã€è‰¯ãä½¿ã£ã¦ã„ã‚‹ã€è‹±èªã®è¾æ›¸ã€‚ç§ã¯PODã€Œç¬¬ï¼—ç‰ˆã€ã‚‚ã€æŒã£ã¦ã„ã‚‹ã®ã ãŒã€å“ã®è‰¯ã„ã€è‹±å›½è‹±èªã®metreæ–‡ã§ã€å®šç¾©ã—ã¦ã‚ã‚Šã€å‰²ã‚Šåˆ‡ã‚Šè‰¯ãã€æ˜å¿«ã§ã€ã‚ã„ã¾ã„ã•ã¯ã€ç„¡ã‹ã£ãŸã€‚å½“ã€Œç¬¬ï¼‘ï¼‘ç‰ˆã€ã§ã¯ã€ç™ºéŸ³è¨˜å·ã‚‚ã€ç‹¬è‡ªã®ã‚‚ã®ã‚’ã€æ¡ç”¨ã€‚å®šç¾©æ–‡ã‚‚ã€ç¾ä»£çš„ã¨ãªã£ãŸã€‚ã€Œç¬¬ï¼—ç‰ˆã€ã‚ˆã‚Šã‚‚ã€å½“ã€Œç¬¬ï¼‘ï¼‘ç‰ˆã€ã®æ–¹ãŒã€è©³ã—ã„ãŒã€one ãŒã€â‡’you ã«ã€one's ãŒã€â‡’your ã«ã€oneself ãŒã€â‡’yourself ã«ã€ãªã£ã¦ã„ã‚‹ã€‚ç§ã¨ã—ã¦ã¯ã€ã€Œéå¸¸ã«ã€èª­ã¿ã«ãã„ã€ã€‚ã€€ã—ã‹ã—ãªãŒã‚‰ã€å°å‹è¾å…¸ãªãŒã‚‰ã€æ–‡ç« èªï¼ˆæ–‡å­¦ï¼‰ãŒã€ãªã‚“ã¨ã‹èª­ã‚ã‚‹ç‚¹ã€è©•ä¾¡ã§ãã‚‹ã€‚ã€Œå¤‰å®¹ã™ã‚‹ã€è‹±èªã€ã¨è¨€ã†äº‹ã‚‚ã€æ„Ÿã˜ã‚‹ã€‚ã€€ä»Šå¾Œã¯ã€CODã¨ã€PODã¨ã§ã¯ã€åˆ¥ã®é“ã‚’ã€æ­©ã‚€ã®ã‹ã€‚èˆˆå‘³ãŒã€æŠ±ã‹ã‚Œã‚‹ã€‚
363,5.0,ã‚½ãƒ•ãƒˆã‚«ãƒãƒ¼ã§ã‚‚ã„ã„ã‚“ã˜ã‚ƒãªã„ã§ã—ã‚‡ã†ã‹,"  9ç‰ˆã‚’æ°¸ãä½¿ã£ã¦ã„ãŸãŒã€10æ•°å¹´ãŸã£ãŸã®ã§ã€ä»Šå›ã®11ç‰ˆã‚’è³¼å…¥ã—ãŸã€‚9ç‰ˆã¯ã‚½ãƒ•ãƒˆã‚«ãƒãƒ¼ã§ã‚ã£ãŸãŒï¼ˆä»–ã«ã‚‚ãƒãƒ¼ãƒ‰ã‚«ãƒãƒ¼ãŒã‚ã£ãŸã‹ã©ã†ã‹ã¯ã‚ã‹ã‚‰ãªã„ï¼‰ã€11ç‰ˆã§ã¯ãƒãƒ¼ãƒ‰ã‚«ãƒãƒ¼ã«ãªã£ã¦ã„ã‚‹ã€‚ã“ã®å¤§ãã•ï¼ˆç¸¦æ¨ªã¯æ–°æ›¸ã‚µã‚¤ã‚ºã ãŒã€åšã•ãŒï¼•ï½ƒï½ã‚‚ã‚ã‚‹ï¼‰ã§ã€ãƒãƒ¼ãƒ‰ã‚«ãƒãƒ¼ã¨ã„ã†ã®ã¯ã€ãƒšãƒ¼ã‚¸ã‚’ã‚ãã‚‹ã®ãŒã€ã‚½ãƒ•ãƒˆã‚«ãƒãƒ¼ã«æ¯”ã¹ã¦ã€å°‘ã€…ã‚„ã‚Šã«ãã„ã¨æ€ã†ã€‚11ç‰ˆã§ã¯ã€ITé–¢ä¿‚ã®æ–°ã—ã„ç”¨èªï¼ˆcloud computing, WiFi ãªã©ï¼‰ã‚‚å‡ºã¦ã„ã‚‹ãŒã€ãã‚“ãªã«æ–°ã—ããªã„è‹±æ–‡ã‚’èª­ã‚€ã¨ãã«ã¯9ç‰ˆã§ååˆ†ãªã®ã§ã€æ‰‹ã«ãªã˜ã‚“ã§ã€ã‚ãã‚Šã‚„ã™ã„9ç‰ˆã‚’ä½¿ã£ã¦ã„ã‚‹ã€‚æ°¸ãä½¿ã£ã¦ã„ã‚‹ã¨ã€æœ¬æ›¸ãŒã‚¤ã‚®ãƒªã‚¹è‹±èªã‚’ãƒ¡ã‚¤ãƒ³ã«ç·¨é›†ã—ã¦ã„ã‚‹ã“ã¨ãŒç›®ç«‹ã£ã¦ãã‚‹ï¼ˆèªç¾©ã€èªå½™ã®é¸æŠã€è¦‹å‡ºã—ã®è¡¨è¨˜ãªã©ï¼‰ã€‚ã‚¢ãƒ¡ãƒªã‚«è‹±èªã«é–¢ã—ã¦ã€æœ¬æ›¸ã®å§‰å¦¹ã¨ãªã‚‹è¾æ›¸ï¼ˆPocket Oxford American Dictionary)ã®æ–°ã—ã„ç‰ˆã®å‡ºç‰ˆãŒå¾…ãŸã‚Œã‚‹ã€‚ï¼ˆPocket Oxford American Dictionaryã¯åˆç‰ˆãŒ2002å¹´ã€2ç‰ˆãŒ2008å¹´ãªã®ã§ã€ãã‚ãã‚3ç‰ˆãŒå‡ºã‚‹ã®ã§ã¯ã¨ã€2ç‰ˆã‚’è²·ã†ã®ã‚’ã²ã‹ãˆã¦å¾…ã£ã¦ã„ã¾ã™ã€‚ï¼‰"
364,4.0,"iridium sporran, yes; but no crap panzer: very good, but could be better.","  All our former dictionaries (paper, that is, as opposed to digital) are old and inherited. This is the first brand new dictionary we've ever had. Quite apart from loving words, and liking to be able to look them up either when needed, or even just for fun, we sometimes enjoy a game or three of Scrabble, and we're hoping this will be more up to date than all our old hand-me-downs.I wouldn't be surprised if some other reviewers compare this exact format and edition to previous iterations. That's not something I can do, so I'll approach my review in a more ad hoc 'how I use a dictionary' manner. First of all I just decided to pluck ten random words from the ether, and see if this volume contained them.Let's see (x = no, / = yes):1) rambunctious - x2) crap - x3) sedulous - /4) latte - /5) panzer - x (but fÃ¼hrer - /!)6) colloquial - /7) modem - /8) iridium - / (& einsteinium!*)9) zeitgeist - /10) sporran - /* one suspects that all the elements will be in there.So, 7/10... Not bad, but could be better.And what of the quality? Well, under 'shag' we have (my renderings are much abbreviated): n1 - tobacco, adj - carpet, n2 - bird, but not v - (colloq) intercourse! Considering how common such terms as 'crap' and 'shag' are, I think it's fairly poor not have the first at all, and not to define the second in one of its most commonly used senses. But on the whole, the definitions are pleasingly clear and concise.I noticed a large number of modern gizmo-related and colloq. entries, such as 'creepy-crawly' and 'modem'. In this respect this dictionary clearly appears to be aiming to remain up to date, a tough ask in a world filled with digital dictionaries. So, perhaps I need to invest in a bigger dictionary, to find all the words I'm after. This is, after all, a Concise edition. But it's eminently portable, well made/printed, and highly useful. A worthwhile investment."
365,1.0,AbÃ®mÃ©,"  Il est arrivÃ© abÃ®mÃ©, j Ã©tais dÃ©Ã§u car un dictionnaire est censÃ© Ãªtre garder longtemps et la fes le dÃ©but il est abÃ®mÃ©"
366,5.0,Perfect dictionary for every-day use,"  This review refers to the eleventh edition (published 2013) which comes eight years after the tenth edition and now contains over 120,000 words and phrases with definitions. This latest edition includes more than 100 new entries such as `app' and `cybersecurity' and modern revisions of at least 100 more traditional words such as `shortcut' and `tag'. This is one the many ranges of Oxford Dictionaries and the `Pocket' version is aimed at every-day use in a portable format.Not exactly `pocket sized' as it contains over 1,100 pages (and the hardback format adds to the weight) but slightly smaller than an average novel in terms of height and width at least (about 18x12cm) and it really is just the dictionary itself so no waste of space for long appendices, grammar or explanatory notes. It you just want a modern dictionary simply for spelling and definitions then there is no doubt it performs that task."
367,5.0,Very nice dictionary and good size,"  I don't normally give 5x ''''''for rating, but I'll happily do it for this nice dictionary. Nowadays, because of the development of technology, we tend to use all sort of gadgets or the internet to look up the definitions, don't we? But I believe that in order to 'engrave' a new word or a definition in your brain you'll need to make some effort, such as turning pages to find the word and read it, i.e. in the paper dictionary. I think it's so easy to find the definition in the internet, but it's also so easy to forget it by simply reading it on-line. But I love the 'old' fashioned way of researching into the mystery world.I'm glad I got this dictionary, because it's not too big or too small, hot too heavy, so you can carry it around in your rucksack if necessary. It's called a 'pocket dictionary', but it's not so small. It's more or less the same size as a Harry Potter book (hardback) - nice size! I hope you enjoy using it too, and you agree with me that using a paper dictionary can help you learn all the new words more easily."
368,5.0,The dictionary with a neat little twist,"  My last Oxford dictionary was purchased in 1980 and has been a God-send ever since. However, aware of the change in the English language, I decided a new, up-to-date dictionary was long overdue and chose the Pocket Oxford English Dictionary. The dictionary exceeded my expectations. Perhaps a little too large to pop into a pocket, this dictionary, however, is very user-friendly. Grey spacers down the outside edge show where the letters of the alphabet change to make it easier to find a word you are looking for. The book also includes a short history of Oxford dictionaries and a guide on how to use the dictionary, including abbreviations and pronunciations. What I particularly liked about this dictionary are the spelling, usage and etymology notes dotted throughout the dictionary, some of the noted information I had not even been aware of, despite being an author, and which I will find invaluable in the future for my next projects. I highly recommend this dictionary for use at home, school and in the office."
369,5.0,Excellent for The Scrabble Players.,"  The title says it all really. That's the reason that I ordered the book, to prevent the arguments about whether a word is valid or not in Scrabble.It's a lovely book, beautifully laid out in alphabetical order (as you would expect with a dictionary).The type is crystal clear and the word meanings easy to read and understand, it has the usual appendices associated with a dictionary and the cover is eye catching and quite sturdy.The only thing is that whoever decided to name this a pocket dictionary must have larger pockets because it won't fit into any I know.If you want a great explanation of all the words that make up our illustrious language than look no further than this book."
370,5.0,èªç¾©ãŒçŸ­ãçš„ç¢ºãªè¾æ›¸,  ã€€ã“ã®è¾æ›¸ã‚’ä¸€è¨€ã§ã„ã†ãªã‚‰ã°ã€Œèªç¾©ãŒçŸ­ãã¦çš„ç¢ºã€ã¨ã„ã†ã“ã¨ã€‚ã€€ã¾ãŸã€èªç¾©ã®å®šç¾©ã‚‚å¹³æ˜“ãªèªãŒä½¿ç”¨ã•ã‚Œã¦ã„ã¦ã‚ã‹ã‚Šã‚„ã™ã„ã€‚ã€€ãƒã‚¤ãƒ†ã‚£ãƒ´ç”¨ã®è¾æ›¸ã¨ã„ã†ã“ã¨ã‚‚ã‚ã‚Šã€ä½¿ç”¨ã™ã‚‹ãªã‚‰è‹±èªã«ã‚ã‚‹ç¨‹åº¦å ªèƒ½ãªäººãŒå¯¾è±¡ã§ã‚ã‚‹ã€‚ã€€è‹±èªå­¦ç¿’è€…ãªã‚‰ä¸Šç´šä»¥ä¸ŠãŒã‚ˆã„ã€‚ã€€OALDãªã©ã¨æ¯”è¼ƒã—ãªãŒã‚‰ä½¿ç”¨ã™ã‚‹ã®ã‚‚ã‚ˆã„ã€‚ã€€
371,4.0,ç‰¹æ®µã®ã‚³ãƒ¡ãƒ³ãƒˆã¯ä¸è¦ã ã¨ã¯æ€ã„ã¾ã™ãŒã€ã€ã€ã€ã€‚,  ç¬¬9ç‰ˆã€10ç‰ˆã¨æŒã£ã¦ã„ã‚‹ãŒä»Šå›11ç‰ˆã‚‚8å¹´ã¶ã‚Šã®é‡ç‰ˆãªã®ã§è³¼å…¥ã—ãŸã€‚å†…å®¹ã¨ç´™è³ªã«ã¯ä¸æº€ã¯ãªã„ãŒå°åˆ·ãŒè‰¯ããªã„ã®ã§ä½•å‡¦ã‹ã¨è¦‹ã¦ã¿ãŸã‚‰æ¡ˆã®å®šï½¤printed in Chinaã¨ãªã£ã¦ã„ãŸã®ãŒæ®‹å¿µã ã€‚ãã‚Œã§å››ã¤æ˜Ÿã«ã—ãŸã€‚ä½•ã‹ã‚¤ãƒ³ã‚¯ã®ã®ã‚ŠãŒæ‚ªã„ã®ã§ã‚ã‚‹ã€‚PODã¯å»‰ä¾¡ã‚’å£²ã‚Šã«ã—ã¦ã„ã‚‹ã®ã ã‚ã†ãŒå°åˆ·ã¨ã‚¤ãƒ³ã‚¯ãŒæ‚ªã„ã®ã¯ã„ãŸã ã‘ãªã„ã€‚å¤šå°‘ã®çµŒè²»ã¯æ›ã‹ã£ã¦ã‚‚Clarendonã‹æ—¥æœ¬ã«ã—ã¦ã‚‚ã‚‰ã„ãŸã„ã‚‚ã®ã ã€‚
372,5.0,Excellent,  I was rather surprised that the Pocket Oxford English Dictionary was offered on the Vine programme as it is possibly the best know dictionary of the English language.  Despite being described as the pocket edition this volume is rather too thick to be carried in a pocket. For this reason I am not sure it really has a purpose.  As it is too bulky for easy transport it faces competition from the Concise Oxford dictionary.  Saying that however the pocket edition does have all the vocabulary that is likley to be commonly encountered.
373,3.0,ä¸­é€”åŠç«¯ãªè‰¯ã•ã€€å†…å®¹ã¯åˆæ ¼ã ãŒç´™è³ªãŒæ‚ªã™ãã‚‹,  å€‹äººçš„ã«ã¯ãŒã£ã‹ã‚Šã—ãŸæ„ŸãŒå¼·ã„è¾æ›¸ã§ã™èªå½™ã®ç¯„å›²ã¨è¾æ›¸ã®ã‚µã‚¤ã‚ºçš„ã«ã¯ã€è‰¯ãã‚‚æ‚ªãã‚‚Oxford Learner's Pocket Dictionaryï¼ˆä»¥ä¸‹OLPDï¼‰ã¨ New Oxford American Dictionary ï¼ˆä»¥ä¸‹NOADï¼‰ã®ä¸­é–“ã§ã™OLPDã®èªå½™ã‚’4å€ã«ã—ã€èªæºã‚’ã¤ã‘ã¦ã‚®ãƒªã‚®ãƒªæŒã¡é‹ã¹ã‚‹ã‚µã‚¤ã‚ºã«ã—ãŸNOADã‹ã‚‰å°‚é–€ç”¨èªï¼ˆè§£å‰–å­¦ã€ç¥å­¦ã€äººåã€åœ°åã€å¤–å›½èªã‚’ãã®ã¾ã¾ä½¿ã£ã¦ã„ã‚‹ä¾‹ï¼‰ãªã©ã‚’æ¥µåŠ›æ’é™¤ã—ã€ä¾‹æ–‡ã¯èª¬æ˜ã«çµ¶å¯¾å¿…é ˆãªå ´åˆã‚’é™¤ãæ’é™¤ãã†ã‹ã¨æ€ãˆã°ã€brake ã¨ breakã€€ã®é•ã„ã«ã¤ã„ã¦ã¯ã‚³ãƒ©ãƒ ãŒã‚ã£ãŸã‚Šä¸è¦ãªç©ºç™½ãŒå¤šã„ã®ãŒç›®ç«‹ã¡ã¾ã™ç´™è³ªã¯ä¸Šè¨˜3ã¤ã®è¾æ›¸ã®ä¸­ã§ã¯æœ€æ‚ªã§ã™ã€æ¹¿åº¦ã«ã‚ˆã£ã¦ã¯ã‚°ãƒ‹ãƒ£ã‚°ãƒ‹ãƒ£ã«ãªã‚‹ã‚¿ã‚¤ãƒ—ã®ç´™ã§ã™ã¾ãŸã€ä¸€æšä¸€æšãŒä¸è‡ªç„¶ã«ç™½ãåˆ†åšã„ç´™ã§ã™ã€å½“ç„¶ãƒšãƒ¼ã‚¸ã‚ãã‚Šã¯ã‚„ã‚Šã¥ã‚‰ã„ã§ã™ã¨ã¯ã„ãˆã€NOADã¯æŒã¡æ­©ã‘ã¾ã›ã‚“ã—ã€OLPDã§ã¯èªå½™æ•°ãŒå°‘ãªã™ãã¦å›°ã‚‹ã¨ã„ã†é¸æŠè‚¢ã«åŸºã¥ã‘ã°ã€ã“ã®è¾æ›¸ã¯æ‚ªãã‚ã‚Šã¾ã›ã‚“ç¹°ã‚Šè¿”ã—ã«ãªã‚Šã¾ã™ãŒã€ç´™è³ªã‚’NOADã¨åŒã˜ã«ã™ã‚Œã°ç¾åœ¨ã®è¾æ›¸å¹…ã®2/3ç¨‹åº¦ã®åšã•ã«ã§ãã‚‹ã¯ãšã§ã™ã®ã§ã€ãã‚Œãªã‚‰æ˜Ÿ5ã§ã‚‚ã„ã„ã¨æ€ã„ã¾ã—ãŸ
374,4.0,Hope You've Got Big Pockets?,"  Ha! You'll certainly need them for this pocket dictionary. I've noticed before that Oxford seem to have a different understanding of the word 'pocket', to everyone else...I suppose we could look it up in a dictionary :).  Over a thousand pages too. A star off for that then , but it's a great edition of course, and I'm recommending the Pocket Oxford Dictionary to all. Ideal to have around the home or office."
375,5.0,Modern up to date and convenient,  This is a good sized portable dictionary that is up to date with the developing english language. It is well set out and easy to use and to read. It is authorative. Not that light but a good size for a school bag or a brief case. Recommended.
376,4.0,Handy and informative,"  Hardly pocket sized, unless you usually carry a shotgun in yours... it is however a fantastic source of information. Very easy to navigate and use. This copy is for my daughter to use at Grammar school, but will probably get another for use at home."
377,3.0,"Badly titled, barely adequate.","  In no way could this be described as a ""pocket"" dictionary""; is it ironic that a dictionary, of all books, should be so erroneously titled?Unfortunately, its size is a real drawback. It is too large and heavy to be constantly carried around, either in a particularly large pocket, or even in a briefcase or schoolbag; and it is not large enough to contain all the information you may need. So, if it is not portable, why would anyone choose this rather abridged edition, rather than a more comprehensive, if slightly larger, version, of which there are many available?As it so clearly falls between two stools I could not recommend that anyone purchase this edition. I can guarantee that you will find an alternative better suited to your requirements."
378,5.0,Just the job,"  The Pocket Oxford has undergone a few modernisations and changes since I last possessed one. The text is now in a sans-serif font, giving clarity and a clean look to the whole enterprise. In amongst the straight alphabetical definitions the text now includes call-out boxes giving additional information, spelling reminders, grammatical hints, and other pieces of useful information (although if you've already found 'hierarchy' in the dictionary, surely it's a bit late to remind the user that it is spelt h*ie*r-?)The word definitions are as clear, concise and informative as you would expect. New words for this edition come mainly from the online world, with words such as cybersecurity and hashtag making a new completely appearance, whilst words such as tag and favourite have their new usages noted.The process of reducing the 2 billion words of the master database, the Oxford English Corpus, to the 120 thousand represented in the Pocket Oxford must be a thankless one - rauschpfeife continues to be ignored by the Pocket Oxford for example; but I was pleased to see zygote continues to occupy the final position.An essential reference work, an indispensable source of reference and of curiosity. Online dictionaries proliferate, but none match the immediacy and excellence of the Pocket Oxford."
379,5.0,Excellent,  A very clear layout makes this disctionary easy to use.  This is a concise book yet has sufficient entries.  A good size.
380,1.0,Not Good At All,  Extremely disappointing for an Oxford Dictionary.Way too big to be a 'pocket' dictionary as such and the content is way too thin and incomplete to be of use to a writer and cod-journalist like myself.The acid test for a dictionary is if it has  a good selection of cuss words and slang.This has neither.Real shame to see dictionaries declining in the digital age but this falls way short of the markNot recommended.
381,5.0,Hands down THE BEST investment for learning!,"  Oxford dictionary is the first book my dad bought me and itâ€™s been my best knowledge companion throughout my school days. Thought Iâ€™d return the favor and bought this for my 5 year old daughter and she just loves it! Sheâ€™s starting to learn the words only now but shows great interest in finding the words in the dictionary even if itâ€™s just a three lettered sight word. Personally, I cannot imagine finishing the academic years without Oxford English Dictionary."
382,5.0,Oxford Dictionary,  Updated edition. Great size for home and school use
383,5.0,Education is the key that no one can take from you,  Bought this Oxford English dictionary as gift for my daughter and she is doing great with English now
384,3.0,Nothing to say,  Nothing to say
385,5.0,Excellent Product,  Used to write poetry!
386,5.0,Great for the price !,  Thought it was larger than a pocket dictionary !
387,5.0,Five Stars,  excellent
388,4.0,AWESOME DICTIONARY!!!!!!,"  I received my product and i simply love it, is as expected. of all the other brands i find that Oxford is always best"
389,5.0,Expectations met.  Good seller.,  Expectations met.
390,5.0,He was so happy with this dictionary - - he just couldn't thank ...,  I gave this to a friend for a xmas gift.  He was so happy with this dictionary - - he just couldn't thank me enough.
391,5.0,Five Stars,  The best dictionary for English Majors!
392,4.0,"Remember, it's an ENGLISH dictionary","  Just published and a pocket dictionary, this new edition is easy to use while I write, but it's an English dictionary, not American, so the definitions are not always what you expect and it doesn't have many American words you know and love, especially popular slang like ""Bozo"". However, it's well laid out and easy to find words. I definitely recommand it. I wait ernestly for a current  Anerican version to be published to replace my old one."
393,5.0,My choice for the dictionary on my writing desk.,  This Pocket Oxford English Dictionary feels comfortable to have at hand on my writing desk. The print size is just large enough to be readable for my old eyes without a magnifier. The reputation of OED says the rest.
394,5.0,This one is a great tool to get the meaning of words without translate,"  This one is a great tool to get the meaning of words without translate. Plus, it is really well made."
395,5.0,great,"  Great dictionary. My boyfriend who speak spanish is in love with it. I highly recommended it. Also, im gonna buy it"
396,5.0,Excellent condition and received on time as expected.,  I received the dictionary on time and it is in excellent condition. I would love this. Thanks a lot.
397,2.0,Not What I Wanted,  Didn't come close to the one I was looking for.  I have a very small dictionary which is named The New Little Oxford Dictionary which is leather.  I wanted one just like it however it is out of print and I cannot find another.  Naturally this one works however it is larger than I expected.
398,5.0,Very Helpful,"  Finally, an up-to-date dictionary.  This one is the most recent one I found and it is packed with imformation.  A good buy"
399,1.0,One Star,  First time I tried to look up a simple word - it was not listed.  Sent this back
400,1.0,"An incomplete work even for a ""pocket"" edition.","  I have an old American made pocket dictionary from Webster that is much better but was wearing out, it was published in 1945.I was disappointed when I opened this 2013 dictionary and saw many 2nd and 3rd meanings missing, even lacking brief mention. Thus the historical terminology that we broad reading book lovers need is not to be found.Example:The King James Bible, in publication for over 400 years, is also of British origin, and should be definition-supported as a major English work. But Oxford lacks the 2nd definition of the word Publican which the KJ uses. A publican was a tax collector when Rome ruled the world but Oxford does not tell you so. On page 731 they write: publican n. Brit. a person who owns or manages a pub - ORGIN Latin publicanus.Imagine the heyday that extreme moralists who are against alcohol drinking can make with this as this they falsely think that the Bible directly puts down publicans (pub [drinking establishment] operators as Oxford falsely says) as the worst of sinners when in fact the Bible means tax collectors! Such obfuscation! Such misinformation!Other definitions are similar in being too short even for a pocket dictionary. You will think wrong things if you use such a mediocre dictionary. It upsets me to think that a dictionary could lead me so astray. Those giving a positive review of this have not had enough time with it to know that it is poor.The editors for this dictionary obviously lack a broad reading background and knowledge of word use in the major writings of  English. I will go back to my tattered old pocket dictionary from 1945 until an overhaul is made by Oxford.Reference in support of above statement:Publicans is used in a passage telling you to separate from a person, who is to you, as bad as a Publican: Matthew 18:17 ... but if he neglect to hear the church, let him be unto thee as an heathen man and a publican. [...]"
401,1.0,Terrible dictionary.,"  Almost every time I tried to look-up a word, it was not in this dictionary.  As noted in the description, it only has 120,000 words;  something I missed when I looked at the description and reviews when making my decision to purchase it.  Not worth the money and I don't recommend the Pocket Oxford English Dictionary for any purpose.  It should be advertised as a severely abridged guide to the English language."
402,5.0,Five Stars,  Good
403,5.0,Five Stars,  Good
404,4.0,"I love my ""Eat Right 4 Your Type"" book","  I love the ""Eat Right 4 Your Type"" book I received.  I am using it daily and sharing it withothers who are interested.  It makes sense and I am feeling better and better as I usemore and more of the data in this book."
405,2.0,no,  no
406,,,
407,,,
408,,,
409,,,
